"Row","Column","Timepoint","gH2AX.positive...Number.of.Objects","gH2AX.positive...Intensity.gH2AX.Mean...Mean.per.Well","gH2AX.positive...Intensity.gH2AX.Contrast...Mean.per.Well","Nuclei.Selected...Number.of.Objects","Nuclei.Selected...Nucleus.Area..µm.....Mean.per.Well","Nuclei.Selected...Nucleus.Roundness...Mean.per.Well","Nuclei.Selected...Nucleus.Ratio.Width.to.Length...Mean.per.Well","Nuclei.Selected...Intensity.Nuclei.Mean...Mean.per.Well","Nuclei.Selected...Intensity.gH2AX.Mean...Mean.per.Well","Nuclei.Selected...Intensity.gH2AX.Contrast...Mean.per.Well","Nuclei.Selected...gH2AX.positive...Mean.per.Well","Centrosomes...Number.of.Objects","Centrosomes...Relative.Spot.Intensity...Mean.per.Well","Centrosomes...Spot.Contrast...Mean.per.Well","Centrosomes...Spot.Area..µm.....Mean.per.Well","Centrosomes...Spot.Roundness...Mean.per.Well","Centrosomes...Spot.Ratio.Width.to.Length...Mean.per.Well","Number.of.Analyzed.Fields","Time..s.","Compound","Concentration","Cell.Type","Cell.Count","X","Plate"
1,10,0,39,254.573420771,0.231118074864,573,165.174407533,0.920831646371,0.694706293625,9164.09831169,171.896148598,0.0568670034147,0.0680628272251,549,0.347635531889,0.572429919846,2.79967185062,0.93096315357,0.799186230672,5,0,"Stain4",NA,"2774N",NA,NA,"Plate4"
1,11,0,25,239.42382827,0.221344647984,450,166.839383283,0.927168068933,0.711077273337,8677.19825949,167.330532537,0.0468779146037,0.0555555555556,474,0.346892272867,0.570059872805,2.80642376943,0.928635433156,0.802924528602,5,0,"Stain4",NA,"2774N",NA,NA,"Plate4"
1,12,0,17,275.229265577,0.254611063738,258,176.421871857,0.936554989978,0.707103441814,10404.3138394,172.010057485,0.0535941181535,0.0658914728682,234,0.358985946462,0.575536585828,2.85788432902,0.931123267303,0.818153655517,5,0,"Stain4",NA,"2774N",NA,NA,"Plate4"
2,10,0,10,487.759403927,0.354779945843,1283,119.607848498,0.882061498637,0.654371857584,6147.81348254,153.818625634,0.00466663902724,0.00779423226812,656,0.354805777442,0.603434358384,2.91892882337,0.931891858384,0.827530043645,5,0,"Stain4",NA,"A2780-ADR",NA,NA,"Plate4"
2,11,0,4,581.644374596,0.397696780199,1327,114.999065342,0.871080689884,0.658603459518,5319.01527711,152.804567526,0.00368119975438,0.00301431801055,720,0.361507165274,0.608758896772,2.94465595494,0.930506355483,0.832299365983,5,0,"Stain4",NA,"A2780-ADR",NA,NA,"Plate4"
2,12,0,7,403.816210585,0.344752536265,1155,112.14174201,0.88861905253,0.673898919254,6826.29977179,152.283483609,0.00421958614586,0.00606060606061,627,0.356053872013,0.599660834583,2.93637530386,0.930223376379,0.830265508152,5,0,"Stain4",NA,"A2780-ADR",NA,NA,"Plate4"
3,10,0,3,446.749443343,0.348241107187,761,93.1280819957,0.885372442666,0.653867345471,10482.3440914,154.081952089,0.00664758649637,0.00394218134034,780,0.414439825119,0.652519677065,2.95165355039,0.943713185474,0.85454793731,5,0,"Stain4",NA,"A2780-CIS",NA,NA,"Plate4"
3,11,0,1,209.095724004,0.162164458529,639,90.4922444537,0.906140086935,0.682512484343,9336.31871975,152.858713439,0.00602849454461,0.00156494522692,668,0.415189594836,0.651832126961,2.9405610826,0.944934624963,0.852605813182,5,0,"Stain4",NA,"A2780-CIS",NA,NA,"Plate4"
3,12,0,0,NA,NA,167,104.498342823,0.87969695522,0.685446821795,9904.32943671,151.236985373,0.00386891132209,0,160,0.398377166487,0.62460226794,2.90784345863,0.946694480722,0.849034958235,5,0,"Stain4",NA,"A2780-CIS",NA,NA,"Plate4"
4,10,0,8,269.222537634,0.232229144091,287,154.590271966,0.8004138949,0.604233704167,13442.7489878,163.683322922,0.0226486918742,0.0278745644599,390,0.423148766157,0.64396844986,2.89182663331,0.945525298155,0.841350088643,5,0,"Stain4",NA,"CIOV2",NA,NA,"Plate4"
4,11,0,4,458.13756495,0.349237332087,132,160.080154414,0.824558127959,0.613589002103,11361.9630682,168.324457737,0.026546067876,0.030303030303,181,0.427820345251,0.637649034942,2.90871517816,0.946597866742,0.849283528355,5,0,"Stain4",NA,"CIOV2",NA,NA,"Plate4"
4,12,0,2,209.381459509,0.15862840174,74,151.236471332,0.741675429489,0.562056484142,12193.0689292,159.355802322,0.0192865384443,0.027027027027,94,0.451969588779,0.656941913064,2.97071778744,0.949368948447,0.862914221549,5,0,"Stain4",NA,"CIOV2",NA,NA,"Plate4"
5,10,0,3,231.956560723,0.199337358629,188,259.466383576,0.868619644958,0.663304616081,7126.49293101,156.61707937,0.0201012059986,0.0159574468085,159,0.402906523869,0.632745757577,2.92400914097,0.937936627724,0.843180798844,5,0,"Stain4",NA,"CIOV3",NA,NA,"Plate4"
5,11,0,0,NA,NA,128,240.382768882,0.81653783174,0.611569656782,5973.08141706,154.87948497,0.0117156306391,0,106,0.398948011056,0.624158417767,2.90929216132,0.92895575353,0.828313513709,5,0,"Stain4",NA,"CIOV3",NA,NA,"Plate4"
5,12,0,0,NA,NA,66,249.699520434,0.824205587262,0.645537957437,6311.45861459,152.265319322,0.0100830431517,0,49,0.410502861254,0.628880723713,2.92040787064,0.94025544959,0.84431645835,5,0,"Stain4",NA,"CIOV3",NA,NA,"Plate4"
7,10,0,6,414.315925418,0.382246566081,253,184.671443946,0.961734206955,0.74156994916,11880.4099131,164.041031369,0.0310087968591,0.0237154150198,276,0.377696912616,0.612862144176,2.76970080943,0.924575087458,0.791906003291,5,0,"Stain4",NA,"COV362.4",NA,NA,"Plate4"
7,11,0,13,343.573996935,0.332653195875,272,195.085485967,0.95890964383,0.741700410044,11260.6337894,164.878926017,0.0291557735872,0.0477941176471,335,0.365179751972,0.606785319494,2.7558131567,0.92065399819,0.784171720154,5,0,"Stain4",NA,"COV362.4",NA,NA,"Plate4"
7,12,0,20,265.958937883,0.221679375694,197,209.347288668,0.936781591064,0.736145692898,9987.14088343,169.344365548,0.0390927803761,0.10152284264,210,0.379914384772,0.603831710373,2.78914257767,0.932616577057,0.806208082098,5,0,"Stain4",NA,"COV362.4",NA,NA,"Plate4"
8,10,0,0,NA,NA,41,80.2207236691,0.611515995598,0.448887685244,3894.7271005,150.680457735,0.00756966247888,0,13,0.374131517379,0.647569115976,2.88346124954,0.928646880301,0.812091182692,5,0,"Stain4",NA,"COV413A",NA,NA,"Plate4"
8,11,0,0,NA,NA,42,69.0599930801,0.432194074711,0.367827029195,453.248219183,148.337533029,0.0035910939773,0,0,NA,NA,NA,NA,NA,5,0,"Stain4",NA,"COV413A",NA,NA,"Plate4"
8,12,0,0,NA,NA,50,105.612289418,0.511078984052,0.431185770208,2320.67528475,148.423178858,0.00404530602083,0,9,0.358432098547,0.609304195541,2.81249971818,0.934950194964,0.780194587729,5,0,"Stain4",NA,"COV413A",NA,NA,"Plate4"
1,10,0,24,398.585437311,0.322945706964,423,156.871375781,0.908803932504,0.711707458167,9438.32831162,171.329682774,0.0265716183645,0.0567375886525,532,0.390868670397,0.6237853604,2.77057585773,0.925958947137,0.791850003397,5,0,"Stain4",NA,"COV362.4",5000,NA,"Plate5"
1,11,0,26,353.622249855,0.335465419694,651,154.710725544,0.918206611119,0.723563100173,8086.24197857,164.390806593,0.0218313294718,0.0399385560676,835,0.380054792858,0.613273391513,2.73360087939,0.9254497487,0.782494411818,5,0,"Stain4",NA,"COV362.4",5000,NA,"Plate5"
1,12,0,22,245.067347616,0.11487545763,44,54.0488183992,0.957110229728,0.816586016399,16820.581225,225.217757789,0.0722727971025,0.5,21,0.373222296154,0.585287826055,3.00678323037,0.936379234808,0.846982528349,5,0,"Stain4",NA,"COV362.4",5000,NA,"Plate5"
3,10,0,39,226.373726403,0.169674976824,249,111.944559612,0.900532215145,0.705122064086,14664.6940078,177.99439805,0.0520127492358,0.156626506024,458,0.430972795987,0.702824615651,2.93674377749,0.949732783089,0.848659057102,5,0,"Stain4",NA,"COV644 NL",10000,NA,"Plate5"
3,11,0,26,592.730350033,0.31121017211,242,104.29589705,0.877154055599,0.700169269712,13023.5851759,212.813259915,0.0447717801609,0.107438016529,450,0.435782521053,0.706207858018,2.9332959909,0.950910138736,0.846045095211,5,0,"Stain4",NA,"COV644 NL",10000,NA,"Plate5"
3,12,0,25,234.733549845,0.0954837464939,72,60.2396054389,0.947244724405,0.79055879917,18676.4533534,221.035688305,0.0624706064066,0.347222222222,15,0.392132293902,0.66326768459,2.76932665024,0.928216398086,0.802428008089,5,0,"Stain4",NA,"COV644 NL",10000,NA,"Plate5"
4,10,0,5,216.765218468,0.153128148946,909,148.134651136,0.927598890015,0.729234359541,6906.57604615,155.067407114,0.0111658408476,0.00550055005501,747,0.428988348827,0.671063409424,2.99634740391,0.947621168532,0.866659854547,5,0,"Stain4",NA,"IGROV-1",4000,NA,"Plate5"
4,11,0,4,554.416760679,0.284455019157,622,160.22649565,0.925265321274,0.727071609107,8710.07404504,158.147125571,0.0115961729079,0.0064308681672,574,0.420664887246,0.669521118246,2.96968390666,0.943861727581,0.858229680451,5,0,"Stain4",NA,"IGROV-1",4000,NA,"Plate5"
4,12,0,17,230.392893095,0.0892698528354,19,58.3020084726,0.968926371737,0.786207313435,19539.1782499,230.357326146,0.0841076296916,0.894736842105,0,NA,NA,NA,NA,NA,5,0,"Stain4",NA,"IGROV-1",4000,NA,"Plate5"
5,10,0,41,463.511848809,0.33688889472,955,143.422139577,0.878189124221,0.678959717652,5180.01487209,174.681584925,0.0322936262492,0.0429319371728,426,0.366165479662,0.655343462601,2.85435076359,0.928885763231,0.803206231306,5,0,"Stain4",NA,"PEO1",15000,NA,"Plate5"
5,11,0,27,411.454817833,0.315250578739,711,149.871411952,0.923705771254,0.711346980003,5440.90833612,170.285706488,0.0302077118458,0.0379746835443,414,0.365007434253,0.657462170027,2.88044845303,0.932397534069,0.812844033237,5,0,"Stain4",NA,"PEO1",15000,NA,"Plate5"
5,12,0,1,401.650364964,0.352786475941,15,50.9490095858,0.80138799433,0.611135901393,16334.2457629,181.21027962,0.0350715808413,0.0666666666667,5,0.400618396904,0.707380633711,2.97035036157,0.929252857031,0.851502557263,5,0,"Stain4",NA,"PEO1",15000,NA,"Plate5"
6,10,0,1,211.854689074,0.17260541523,111,273.726949062,0.825838331757,0.64369042341,5230.90309165,153.287593828,0.00823396014747,0.00900900900901,93,0.401837030778,0.66153337759,2.94252449879,0.927173514292,0.833111396087,5,0,"Stain4",NA,"PEO14",5000,NA,"Plate5"
6,11,0,1,399.79480916,0.325442636939,124,238.392211806,0.76050448063,0.599441742608,6336.17781055,154.936434109,0.00580355771041,0.00806451612903,70,0.366442415532,0.656006123651,2.86523081956,0.924191238801,0.80061676588,5,0,"Stain4",NA,"PEO14",5000,NA,"Plate5"
6,12,0,3,314.092648203,0.0969618894534,10,54.5576852397,0.81787570476,0.595746757944,16166.9233769,270.894850824,0.0558214590069,0.3,6,0.351264756895,0.602922122993,2.68156629864,0.927089662387,0.754463241341,5,0,"Stain4",NA,"PEO14",5000,NA,"Plate5"
1,10,0,1,214.718662953,0.170379068462,72,114.775586224,0.624565678084,0.506316702018,4187.42607218,155.074123398,0.0129419272469,0.0138888888889,28,0.349249638479,0.627462824017,2.94191405592,0.933010681994,0.824022394496,5,0,"Stain4",NA,"ES-2",4000,NA,"Plate6"
1,11,0,2,268.961457688,0.224261442089,23,35.8997157237,0.948770687375,0.793937556361,29273.0515472,210.233735258,0.0510764855354,0.0869565217391,20,0.350432743796,0.630905708754,2.80916229355,0.920559314225,0.799208028763,5,0,"Stain4",NA,"ES-2",4000,NA,"Plate6"
1,12,0,5,263.660546573,0.211446470483,127,151.288996654,0.777108340983,0.61557342289,9207.13000561,168.035768235,0.0209523315908,0.0393700787402,100,0.355929899452,0.618154771617,2.78643699186,0.9199444487,0.790095965248,5,0,"Stain4",NA,"ES-2",4000,NA,"Plate6"
2,10,0,9,238.240859937,0.218326332135,763,240.757088744,0.935281803774,0.720993085987,3909.93626311,163.85797585,0.0386403199907,0.0117955439056,911,0.412135400715,0.679846786998,2.90984927788,0.941061540204,0.832729189817,5,0,"Stain4",NA,"HOC-7",4000,NA,"Plate6"
2,11,0,74,240.88276135,0.206745576542,680,230.490578302,0.928113289387,0.702803254705,5033.82683725,176.653091554,0.0695270446789,0.108823529412,853,0.421251782405,0.68353312631,2.94429465611,0.94596784598,0.849003869702,5,0,"Stain4",NA,"HOC-7",4000,NA,"Plate6"
2,12,0,18,245.513713611,0.221475817735,734,228.878893428,0.938539876024,0.702345408512,5276.96172487,164.741360162,0.042239892098,0.0245231607629,991,0.426058027625,0.694604535893,2.87211431495,0.943082931097,0.830760608838,5,0,"Stain4",NA,"HOC-7",4000,NA,"Plate6"
3,10,0,3,891.999582197,0.46809323584,413,127.82278047,0.872823712569,0.608665124751,10222.470141,159.497382104,0.00853397255452,0.00726392251816,548,0.347028559895,0.593701029929,2.80719967625,0.929735023656,0.799076623307,5,0,"Stain4",NA,"OVCAR-8",5000,NA,"Plate6"
3,11,0,3,825.049640744,0.614299405192,185,146.154521382,0.87156324296,0.622207702501,10844.2086374,163.998687704,0.0128788694956,0.0162162162162,224,0.353747428279,0.590775238611,2.81123151745,0.930614427331,0.80984171509,5,0,"Stain4",NA,"OVCAR-8",5000,NA,"Plate6"
3,12,0,1,348.040740741,0.29361094177,98,146.174108929,0.865606897265,0.624557449472,10450.4201491,156.008913722,0.00863578663196,0.0102040816327,137,0.340700533431,0.583351240888,2.75932495309,0.924379390734,0.784513847768,5,0,"Stain4",NA,"OVCAR-8",5000,NA,"Plate6"
1,10,0,1,238.146097398,0.236020685805,238,191.233021957,0.699257869382,0.525871505966,3174.83945425,149.049703974,0.0022254412404,0.00420168067227,93,0.377068650365,0.605206878668,2.96902723476,0.933716750393,0.840816514736,5,0,"Stain4",NA,"CIOV6",10000,NA,"Plate7"
1,11,0,0,NA,NA,232,203.393826701,0.727606357763,0.556917093383,3478.74705033,148.497121186,0.00129287821011,0,107,0.376970153293,0.609589989088,2.99631385586,0.918754526995,0.834839149821,5,0,"Stain4",NA,"CIOV6",10000,NA,"Plate7"
1,12,0,1,401.855954238,0.350046873871,228,195.8707281,0.737036517518,0.550640345151,4458.92843672,152.19941565,0.00339088385525,0.00438596491228,129,0.387947566538,0.602725851132,2.96831825096,0.93803114878,0.854438637531,5,0,"Stain4",NA,"CIOV6",10000,NA,"Plate7"
2,10,0,16,274.713693512,0.227354923216,436,94.241080704,0.801686353423,0.604297569907,5732.49324649,166.603242718,0.020811872739,0.0366972477064,215,0.358335110362,0.622441253219,2.85155311978,0.932088261108,0.806431418081,5,0,"Stain4",NA,"COV413A",15000,NA,"Plate7"
2,11,0,16,259.158844534,0.230642444296,281,93.9403517996,0.841191535694,0.630562986987,7664.91920189,165.132669494,0.0288411901735,0.0569395017794,133,0.382938250788,0.629463831299,2.93792240011,0.932555176727,0.836146036458,5,0,"Stain4",NA,"COV413A",15000,NA,"Plate7"
2,12,0,20,258.391797372,0.209279155767,227,73.4281168725,0.81309852268,0.60888606424,10113.7918366,171.228452551,0.0382618078688,0.0881057268722,114,0.366827985505,0.620912923298,2.91240344654,0.93185754851,0.824069555157,5,0,"Stain4",NA,"COV413A",15000,NA,"Plate7"
3,10,0,1,379.5414089,0.445717237791,385,122.820819912,0.580723893901,0.463370948085,2496.18961117,151.266705755,0.0067021591793,0.0025974025974,86,0.390482925121,0.642069804157,2.99587858966,0.930402022015,0.84871525947,5,0,"Stain4",NA,"PEO16",15000,NA,"Plate7"
3,11,0,6,336.15124453,0.307588481481,253,121.825966107,0.630845128681,0.485909904308,3347.66787111,157.348011659,0.0155320874479,0.0237154150198,74,0.396633561827,0.624180376948,2.95442493619,0.944976690853,0.856229197578,5,0,"Stain4",NA,"PEO16",15000,NA,"Plate7"
3,12,0,12,445.301363065,0.399861145022,292,148.734556563,0.679065256114,0.534892091451,5222.75778525,168.09680131,0.0148487947851,0.041095890411,71,0.381953249738,0.617899722106,3.00604972553,0.93804520339,0.865672618591,5,0,"Stain4",NA,"PEO16",15000,NA,"Plate7"
4,10,0,34,384.936499713,0.311713061823,905,116.654231023,0.813003755607,0.655493964563,3352.73887619,169.279082499,0.0256305335519,0.0375690607735,281,0.364546939432,0.623945510178,2.92819628754,0.932542760467,0.826054290337,5,0,"Stain4",NA,"PEO4",20000,NA,"Plate7"
4,11,0,47,357.699802606,0.284759789841,937,110.449546996,0.839515924522,0.661196121181,5212.9444154,173.156725819,0.0337565125009,0.0501600853789,183,0.369541019052,0.630686077805,2.94380047299,0.936705437898,0.83152959723,5,0,"Stain4",NA,"PEO4",20000,NA,"Plate7"
4,12,0,38,352.155527463,0.245114920748,437,103.329686793,0.797358534122,0.62689156554,7629.81049185,185.644527999,0.0424838579848,0.0869565217391,271,0.372350370283,0.631239407925,2.89833090199,0.935031344645,0.825388473701,5,0,"Stain4",NA,"PEO4",20000,NA,"Plate7"
5,10,0,3,400.329817219,0.409898350602,311,129.129049775,0.907451222618,0.710343208995,7507.65677427,154.931101209,0.0125169522151,0.0096463022508,33,0.381166611124,0.665343820199,3.00296689311,0.922994755602,0.837904685024,5,0,"Stain4",NA,"PEO6",15000,NA,"Plate7"
5,11,0,2,243.552385231,0.252745935669,163,137.91322865,0.778623133853,0.61490099585,5067.07610159,151.857944756,0.0114508599975,0.0122699386503,33,0.39401048821,0.665624967729,2.93205214359,0.935788455232,0.837443430281,5,0,"Stain4",NA,"PEO6",15000,NA,"Plate7"
5,12,0,12,599.085433258,0.35007382473,171,118.750265097,0.808476422116,0.622696222432,8391.4086677,192.972715007,0.0314742931334,0.0701754385965,65,0.376382528998,0.622079505714,2.92350251032,0.937364840909,0.835418940909,5,0,"Stain4",NA,"PEO6",15000,NA,"Plate7"
1,10,0,20,311.487607267,0.224881295719,553,178.827041384,0.901161105681,0.667259959461,8376.51460347,161.276764583,0.023166896035,0.0361663652803,550,0.4239650846,0.664996455797,2.98862066429,0.949249454601,0.86529154889,5,0,"Stain4",NA,"OAW42 NL",3000,NA,"Plate8"
1,11,0,13,404.398360579,0.28308243573,426,198.472821272,0.879172595664,0.664031440192,8608.18087917,162.954975539,0.0198092133036,0.0305164319249,475,0.410832179989,0.666684570321,2.96950001447,0.945086622952,0.852943278534,5,0,"Stain4",NA,"OAW42 NL",3000,NA,"Plate8"
1,12,0,8,1451.50581574,0.525898359315,313,215.531421084,0.897633898251,0.667210385092,8568.64877179,187.315163486,0.0182241640673,0.0255591054313,359,0.431545150338,0.681091488635,3.00027007292,0.954309895107,0.87508064488,5,0,"Stain4",NA,"OAW42 NL",3000,NA,"Plate8"
2,10,0,2,285.705858296,0.294479216201,207,199.865799837,0.908653699079,0.714881870691,8469.81264589,160.499100265,0.0281857647803,0.00966183574879,235,0.392995685418,0.641511613255,2.87521308462,0.940140192241,0.824209355032,5,0,"Stain4",NA,"OV17R NL",5000,NA,"Plate8"
2,11,0,2,260.99332784,0.279761717738,238,195.041035894,0.853011964781,0.669892537323,6372.96296004,156.552563417,0.0218652369536,0.00840336134454,233,0.370323254064,0.627246786133,2.85546502221,0.931179675164,0.81078898365,5,0,"Stain4",NA,"OV17R NL",5000,NA,"Plate8"
2,12,0,7,296.969897188,0.264254905546,214,209.490978264,0.91224933505,0.711958750866,9484.09247852,160.867102225,0.0231725409541,0.0327102803738,298,0.400689721763,0.656892694018,2.87270177802,0.93545439454,0.822105413733,5,0,"Stain4",NA,"OV17R NL",5000,NA,"Plate8"
3,10,0,4,523.580628262,0.318534801375,118,92.2943603047,0.473540978987,0.391347557742,1185.78306322,165.352559611,0.0191380268351,0.0338983050847,17,0.424890959697,0.654290370467,2.86988991988,0.942333160359,0.828591907578,5,0,"Stain4",NA,"OV56 NL",5000,NA,"Plate8"
3,11,0,8,228.542770386,0.19658128028,35,229.790285585,0.814970943352,0.616522557678,8605.06786047,185.877992262,0.0916596834621,0.228571428571,48,0.33574809399,0.588365414697,2.72201601776,0.922854252606,0.773716089532,5,0,"Stain4",NA,"OV56 NL",5000,NA,"Plate8"
3,12,0,4,227.450747816,0.161182618992,79,110.435868183,0.556539697322,0.439988530546,2011.62600923,156.58665274,0.0227133083461,0.0506329113924,35,0.36066924878,0.620426342275,2.80396717172,0.927242900838,0.79241392393,5,0,"Stain4",NA,"OV56 NL",5000,NA,"Plate8"
4,10,0,28,688.93914668,0.434871640677,502,152.11602149,0.952396217583,0.722420689743,8154.83486505,187.400989281,0.0415962956044,0.0557768924303,537,0.438023032355,0.65721735728,2.94866167047,0.946290211926,0.864290174755,5,0,"Stain4",NA,"OVCAR-5",4000,NA,"Plate8"
4,11,0,31,992.872050069,0.526415547793,549,152.037175325,0.931656432363,0.70486360235,8460.67243567,205.193802387,0.0459084975901,0.0564663023679,598,0.424920409098,0.650347783232,2.91517633584,0.940936122644,0.849434007717,5,0,"Stain4",NA,"OVCAR-5",4000,NA,"Plate8"
4,12,0,13,1501.80817243,0.497996276261,415,162.403865496,0.959226761651,0.719909188575,8288.03496504,197.942513458,0.0263511399282,0.0313253012048,471,0.459544038328,0.673794220842,2.97680170033,0.948906414236,0.871099441684,5,0,"Stain4",NA,"OVCAR-5",4000,NA,"Plate8"
5,10,0,2,220.595603835,0.189560164483,147,309.883517752,0.903983945104,0.669888977103,7959.83159929,156.972864885,0.0190392749942,0.0136054421769,108,0.386593870213,0.647707922559,2.96882797267,0.943854643754,0.846204465177,5,0,"Stain4",NA,"PEA1",4000,NA,"Plate8"
5,11,0,4,247.595421872,0.239988175373,161,294.261542732,0.89744005885,0.642216534281,7831.93869412,157.12345156,0.0194069609406,0.0248447204969,85,0.374290099028,0.633596005657,3.00914841599,0.936949492163,0.84636619839,5,0,"Stain4",NA,"PEA1",4000,NA,"Plate8"
5,12,0,0,NA,NA,125,326.811870446,0.847386055858,0.630771361539,6605.7357272,155.272960076,0.0187775186703,0,80,0.379981556046,0.648651042587,2.95614877685,0.940421970116,0.830981933678,5,0,"Stain4",NA,"PEA1",4000,NA,"Plate8"
1,10,0,2,702.739929694,0.441493962132,64,111.265511214,0.607737476343,0.429140725744,4541.19067952,167.277093963,0.0150417624983,0.03125,29,0.461904900296,0.677916977056,2.94798962829,0.945976771126,0.864258744194,5,0,"Stain4",NA,"FT194",5000,NA,"Plate10"
1,11,0,0,NA,NA,38,78.5226470016,0.553904480276,0.435747532304,2177.04236126,149.507317642,0.00534320222259,0,5,0.501366499726,0.659703076751,3.08301205402,0.97390210373,0.937042571332,5,0,"Stain4",NA,"FT194",5000,NA,"Plate10"
1,12,0,9,486.819649194,0.38591085505,89,110.652142135,0.658633844201,0.447880655496,9232.29895729,186.215548315,0.0426004103255,0.101123595506,90,0.454762075663,0.669140853818,2.92973659667,0.952446232171,0.860407299599,5,0,"Stain4",NA,"FT194",5000,NA,"Plate10"
2,10,0,0,NA,NA,44,110.436069476,0.561796697415,0.410162000083,2149.87215875,152.060089326,0.0129819126864,0,13,0.390869183758,0.635124237973,2.69006217403,0.935599333271,0.770021122348,5,0,"Stain4",NA,"FT246",5000,NA,"Plate10"
2,11,0,0,NA,NA,25,99.0560521087,0.758109362428,0.561835418641,8741.23155346,159.018324606,0.029999903756,0,21,0.442171843116,0.670440643297,2.97156497247,0.944511548822,0.855211094418,5,0,"Stain4",NA,"FT246",5000,NA,"Plate10"
2,12,0,1,585.021494871,0.515221574424,39,133.383114991,0.649440596025,0.503221862433,5136.35933241,166.66936134,0.0250998486072,0.025641025641,22,0.440439007679,0.677862303096,2.85695178065,0.938667830727,0.823671630143,5,0,"Stain4",NA,"FT246",5000,NA,"Plate10"
3,10,0,1,357.873230373,0.296328192244,47,111.73823933,0.552046676452,0.390326364758,2005.10929918,154.517749709,0.00929956333907,0.0212765957447,4,0.511910062949,0.698848146314,3.08301205402,0.97390210373,0.937042571332,5,0,"Stain4",NA,"IOSE4",20000,NA,"Plate10"
3,11,0,4,254.507516422,0.118316251008,34,118.036075068,0.616404432716,0.467479314139,8127.87544809,169.799058626,0.00651449152529,0.117647058824,23,0.388358509106,0.625885536511,2.83449251682,0.940932355171,0.819397155012,5,0,"Stain4",NA,"IOSE4",20000,NA,"Plate10"
3,12,0,11,667.052301365,0.271566811542,84,102.007835224,0.646502042602,0.466223754713,13519.6340487,245.697591652,0.0229328216471,0.130952380952,68,0.464469862131,0.679064926388,3.00656553357,0.93899391527,0.86298979121,5,0,"Stain4",NA,"IOSE4",20000,NA,"Plate10"
4,10,0,16,741.984771312,0.395722673458,246,150.471424557,0.816303991822,0.631541171665,12451.9058644,194.898498776,0.0219606385547,0.0650406504065,305,0.364221457567,0.616466221664,2.80256383534,0.931751611137,0.796757517162,5,0,"Stain4",NA,"OAW28 NL",10000,NA,"Plate10"
4,11,0,8,623.584495831,0.354699525327,222,158.112274204,0.841654636974,0.653703273065,10689.1936689,171.579539053,0.0135825377751,0.036036036036,294,0.371993810409,0.623976880268,2.79681656095,0.932013900743,0.797528796706,5,0,"Stain4",NA,"OAW28 NL",10000,NA,"Plate10"
4,12,0,14,823.717196316,0.429892725935,356,154.088590997,0.833858322582,0.654718194255,11620.3355171,180.47823638,0.0168928096062,0.0393258426966,472,0.385752925336,0.633430615246,2.84271790654,0.93971772835,0.812165053783,5,0,"Stain4",NA,"OAW28 NL",10000,NA,"Plate10"
5,10,0,33,306.40137211,0.267895010511,458,123.112985908,0.887226537329,0.653226796048,9731.38861648,172.895442567,0.0499741740811,0.0720524017467,576,0.430375189971,0.664755733633,2.92142271583,0.944829361799,0.845174806609,5,0,"Stain4",NA,"OVSAHO",30000,NA,"Plate10"
5,11,0,25,380.245298918,0.290913066859,436,120.64527293,0.856908032159,0.621671777871,11166.3175932,176.05646624,0.0487487390501,0.0573394495413,523,0.437209686878,0.676586299279,2.94192265505,0.942396394154,0.844338976092,5,0,"Stain4",NA,"OVSAHO",30000,NA,"Plate10"
5,12,0,23,264.725071941,0.200521504245,401,127.973761253,0.848734985763,0.611473735251,9618.23923306,166.959472228,0.0367814843504,0.0573566084788,449,0.431363499117,0.672554651647,2.93997047903,0.94485187314,0.847543707534,5,0,"Stain4",NA,"OVSAHO",30000,NA,"Plate10"
1,10,0,31,335.890439735,0.227586577133,263,123.6920591,0.860669190791,0.653842269206,12221.8823085,190.632622307,0.0701837343316,0.117870722433,355,0.374857669668,0.628336661541,2.78212975084,0.925560053979,0.7933422053,5,0,"Stain4",NA,"OV-1369(2)",10000,NA,"Plate11"
1,11,0,28,246.53064212,0.210659155195,262,117.424901864,0.848292668487,0.644944003706,11260.3128675,177.033453978,0.0666086877984,0.106870229008,332,0.385569159761,0.643040043705,2.81395041562,0.923194831172,0.796750888632,5,0,"Stain4",NA,"OV-1369(2)",10000,NA,"Plate11"
1,12,0,16,284.423699376,0.23642582195,200,109.535350991,0.874012634575,0.664701994703,12903.3378286,175.260182063,0.0531226456921,0.08,250,0.379231710728,0.627806047698,2.83721576777,0.93280002247,0.806414601168,5,0,"Stain4",NA,"OV-1369(2)",10000,NA,"Plate11"
2,10,0,3,336.63566875,0.23117957098,113,313.380709006,0.718348620081,0.551247062999,13630.2953201,163.306822363,0.015338740458,0.0265486725664,108,0.396778063435,0.617496282439,2.94823389142,0.946507109373,0.852263682486,5,0,"Stain4",NA,"OV-1946",5000,NA,"Plate11"
2,11,0,1,451.529358298,0.363741361281,17,88.1574798349,0.817925257301,0.579497126536,12032.5012856,170.63320607,0.0252919622172,0.0588235294118,11,0.403035719211,0.606590834331,3.05440812128,0.950588644111,0.894358072237,5,0,"Stain4",NA,"OV-1946",5000,NA,"Plate11"
2,12,0,0,NA,NA,58,125.009008494,0.688925193297,0.535157071419,10381.1325153,154.764398188,0.00871566985777,0,32,0.405783731135,0.623697794713,2.98389128944,0.946021618776,0.862019445193,5,0,"Stain4",NA,"OV-1946",5000,NA,"Plate11"
3,10,0,28,303.164230995,0.231006065259,817,102.954062712,0.868691592773,0.685416255914,8575.78661563,165.220610019,0.0323414833974,0.0342717258262,933,0.416915801675,0.654786657504,2.87279506841,0.938886698694,0.828541762123,5,0,"Stain4",NA,"OV-2085",30000,NA,"Plate11"
3,11,0,26,272.882330751,0.263823570692,707,103.826093113,0.86603465107,0.670817828099,9432.574604,165.636246955,0.0383710894476,0.036775106082,851,0.413143557599,0.655669923903,2.86499074249,0.938057402488,0.826983294569,5,0,"Stain4",NA,"OV-2085",30000,NA,"Plate11"
3,12,0,12,369.520372113,0.278819688526,490,107.412474094,0.870872154102,0.685860342081,11155.3481086,165.425941981,0.0297552355096,0.0244897959184,579,0.419861468758,0.663386141947,2.87363402142,0.940999046279,0.831060759309,5,0,"Stain4",NA,"OV-2085",30000,NA,"Plate11"
4,10,0,13,1214.67211507,0.407337096276,869,137.379299636,0.89624838552,0.704577647326,7052.40824708,172.177067349,0.0101065093702,0.0149597238205,1117,0.405598130585,0.652642385057,2.82537160627,0.933753404114,0.810094315837,5,0,"Stain4",NA,"OV-2085(2)",30000,NA,"Plate11"
4,11,0,6,276.275071105,0.285576958402,921,124.43704396,0.908058460109,0.706810257898,7749.3551899,156.959839246,0.0156039240908,0.00651465798046,1178,0.415729374063,0.65941615484,2.84979493715,0.938485039771,0.820346717648,5,0,"Stain4",NA,"OV-2085(2)",30000,NA,"Plate11"
4,12,0,20,765.851882943,0.342503842015,859,125.736016981,0.897183367218,0.701819359551,8074.45302996,169.427303121,0.0120369564596,0.023282887078,1014,0.418462705609,0.657302531946,2.86020661173,0.937640178389,0.826697472064,5,0,"Stain4",NA,"OV-2085(2)",30000,NA,"Plate11"
5,10,0,14,380.173203734,0.259871567455,419,222.971787971,0.857851773592,0.653494029461,9806.70646697,164.091803367,0.0195825184153,0.0334128878282,592,0.432987423911,0.693031716462,2.98185756542,0.95269047441,0.86130882029,5,0,"Stain4",NA,"OV-2978",10000,NA,"Plate11"
5,11,0,2,252.013830279,0.241757100161,324,219.647974333,0.862524768502,0.657123140636,9774.25607283,155.716135812,0.0145402173748,0.00617283950617,472,0.434538234288,0.696892510542,2.94998031856,0.951204995806,0.853597809828,5,0,"Stain4",NA,"OV-2978",10000,NA,"Plate11"
5,12,0,16,333.623383501,0.280751673593,451,214.144382232,0.852027730543,0.634296931381,10573.1616658,161.625492464,0.0214521168229,0.0354767184035,632,0.433312180059,0.694794139864,2.95806686789,0.950394887716,0.858381411792,5,0,"Stain4",NA,"OV-2978",10000,NA,"Plate11"
6,10,0,5,257.00827003,0.236600090579,849,130.812691724,0.824939592631,0.624789601446,7434.02383495,153.114544741,0.0049108941536,0.00588928150766,1258,0.432409140324,0.663954048944,2.85781269856,0.93927205598,0.829247120873,5,0,"Stain4",NA,"OV-3133",30000,NA,"Plate11"
6,11,0,4,296.199464219,0.276078280396,716,129.756779447,0.819194182979,0.624878543793,7645.37268512,153.416414748,0.00483974807922,0.00558659217877,1019,0.445841360254,0.671380073452,2.89665718825,0.94287402298,0.842257293105,5,0,"Stain4",NA,"OV-3133",30000,NA,"Plate11"
6,12,0,8,559.103663784,0.405911671143,699,128.296754557,0.794014745944,0.622406462996,9017.10845691,157.592561723,0.00757711216283,0.0114449213162,953,0.437095526922,0.662441532118,2.8984127944,0.939748342649,0.840327637929,5,0,"Stain4",NA,"OV-3133",30000,NA,"Plate11"
7,10,0,10,249.70185351,0.217488211149,635,176.325841647,0.833582838453,0.595985864012,8355.46135597,157.869455558,0.0196125355356,0.0157480314961,694,0.381286311904,0.651965719021,2.86764015382,0.92913154458,0.813124718854,5,0,"Stain4",NA,"OV-4453",10000,NA,"Plate11"
7,11,0,10,289.713375294,0.238058923783,597,180.704763044,0.850547810072,0.614831305502,8155.46384119,158.993327952,0.022069321697,0.0167504187605,644,0.383653507093,0.651074835228,2.85510911275,0.935325441457,0.817411058492,5,0,"Stain4",NA,"OV-4453",10000,NA,"Plate11"
7,12,0,9,379.498596771,0.305688266591,639,178.093366999,0.839378972857,0.610352895872,9279.27572481,160.181322101,0.022678234684,0.0140845070423,707,0.379074473669,0.649204511985,2.85011556378,0.934342709726,0.810792758618,5,0,"Stain4",NA,"OV-4453",10000,NA,"Plate11"
8,10,0,4,419.746490749,0.313281389323,252,112.772156562,0.719879032189,0.572557439366,9335.54914725,160.09738094,0.0148282472645,0.015873015873,235,0.420060753382,0.657438597407,2.88530157368,0.943897908055,0.835489131222,5,0,"Stain4",NA,"OV-4485",20000,NA,"Plate11"
8,11,0,6,623.208916462,0.361888247937,265,112.485410365,0.755407942741,0.582849037266,10344.3207925,166.082774247,0.0145739975442,0.022641509434,209,0.423749840081,0.666218349485,2.90603238922,0.942948164406,0.835933737373,5,0,"Stain4",NA,"OV-4485",20000,NA,"Plate11"
8,12,0,3,762.876503566,0.38272303966,100,116.500117544,0.75118455643,0.574313181606,13786.2583033,175.070288486,0.0166713496698,0.03,94,0.414615744766,0.659113803015,2.89487774884,0.935415329616,0.821402015871,5,0,"Stain4",NA,"OV-4485",20000,NA,"Plate11"
1,10,0,17,663.883218814,0.30865915828,504,135.361156605,0.801312056673,0.590759700706,7443.26938401,173.723742409,0.0149567048711,0.0337301587302,624,0.398939595217,0.668015975674,2.86223461214,0.935954037637,0.819698216245,5,0,"Stain4",NA,"OV-2295",15000,NA,"Plate12"
1,11,0,23,368.718546124,0.311688914968,416,122.654819369,0.823711848134,0.610686508461,8350.92700422,166.799046969,0.0241808921319,0.0552884615385,487,0.403977272548,0.674386752129,2.88827136001,0.937085769629,0.824706361272,5,0,"Stain4",NA,"OV-2295",15000,NA,"Plate12"
1,12,0,26,296.1863761,0.256805733754,479,129.158044511,0.784884800726,0.582956763476,8940.01431683,164.169846544,0.0239376477776,0.0542797494781,591,0.409766512389,0.670807100622,2.87536458714,0.93870929118,0.827239161091,5,0,"Stain4",NA,"OV-2295",15000,NA,"Plate12"
2,10,0,13,231.071893516,0.194368212723,233,266.878341293,0.741000636742,0.566265028379,9682.48545958,168.900846508,0.049295463851,0.0557939914163,336,0.418378774039,0.677294139532,2.90207901798,0.940147164342,0.834503266513,5,0,"Stain4",NA,"OV-2295(2)",10000,NA,"Plate12"
2,11,0,8,251.92840898,0.232256733021,227,292.340274451,0.765402030256,0.557294535993,9311.74619438,165.050804958,0.0388770596569,0.0352422907489,321,0.433790232751,0.684634667245,2.93352959406,0.948796383776,0.848960654085,5,0,"Stain4",NA,"OV-2295(2)",10000,NA,"Plate12"
2,12,0,11,260.042563939,0.255619415532,224,238.576650166,0.72237609134,0.53977642969,10048.5311569,166.529824465,0.0414781099379,0.0491071428571,280,0.432212840829,0.67552096117,2.93195897408,0.945201635092,0.845487406924,5,0,"Stain4",NA,"OV-2295(2)",10000,NA,"Plate12"
3,10,0,33,314.888665405,0.243569876521,649,96.0975216647,0.877113479765,0.673455307821,9892.48614066,168.577621552,0.0340448044515,0.0508474576271,865,0.436018585561,0.663591578096,2.85856150255,0.942146068044,0.83416908602,5,0,"Stain4",NA,"OV-3331",30000,NA,"Plate12"
3,11,0,43,365.494876324,0.293571025649,771,97.7923294979,0.87290767617,0.67158643116,8996.56857121,171.601688977,0.0372706200781,0.0557717250324,1025,0.433699950824,0.659737321297,2.85087375441,0.939060234516,0.82736157756,5,0,"Stain4",NA,"OV-3331",30000,NA,"Plate12"
3,12,0,33,390.41942546,0.305766235838,766,91.5833220752,0.879041327879,0.676736448695,9684.99661125,167.929122276,0.0314871262545,0.0430809399478,967,0.452493059091,0.673506967287,2.9001976853,0.943461488248,0.846572357261,5,0,"Stain4",NA,"OV-3331",30000,NA,"Plate12"
1,10,0,8,297.661696294,0.280818855518,1850,123.795904238,0.720881731056,0.547707206229,4227.07402591,149.949621079,0.00318505674159,0.00432432432432,3092,0.331462099835,0.589275549717,2.74611416177,0.918667085606,0.778260472564,5,0,"Stain4",NA,"A2780",15000,NA,"Plate13"
1,11,0,19,362.030815723,0.336685828532,1665,123.377596189,0.72694341592,0.547785752288,4402.30268779,151.378672697,0.00466016868308,0.0114114114114,2863,0.334119360428,0.59135214636,2.75222582897,0.91924486219,0.780350499974,5,0,"Stain4",NA,"A2780",15000,NA,"Plate13"
1,12,0,12,466.101213914,0.340865098095,1746,114.922978609,0.701789791129,0.541696333048,4054.45755939,150.837157325,0.001971624422,0.00687285223368,3209,0.338471607268,0.592115410382,2.73993018045,0.921154745154,0.781633812643,5,0,"Stain4",NA,"A2780",15000,NA,"Plate13"
2,10,0,3,305.483496449,0.319363161289,272,139.959811952,0.796173831818,0.581542576967,10880.9980765,155.817524325,0.0166322143043,0.0110294117647,360,0.377975395668,0.651341158452,2.84948700268,0.933749116232,0.809849907978,5,0,"Stain4",NA,"OV-90",10000,NA,"Plate13"
2,11,0,17,281.363026156,0.241845438654,274,152.980381297,0.842887845562,0.62838133115,10010.3903545,162.606636784,0.0283519478271,0.0620437956204,395,0.397152469449,0.667620032435,2.87089100333,0.940669798851,0.823362575731,5,0,"Stain4",NA,"OV-90",10000,NA,"Plate13"
2,12,0,3,240.121323756,0.216054512176,321,137.16363355,0.805874822588,0.610000541395,10319.3649133,154.567477222,0.0157805041937,0.00934579439252,462,0.392197186093,0.661805807283,2.85080770044,0.937344692888,0.812490075392,5,0,"Stain4",NA,"OV-90",10000,NA,"Plate13"
1,10,0,2,921.237086904,0.587630900127,405,168.134774144,0.806927637896,0.635418974638,9425.10772147,157.229846557,0.00387685745377,0.00493827160494,544,0.426730129796,0.65717687478,2.83962237571,0.933511378596,0.816548094354,5,0,"Stain4",NA,"OV-3133(2)",20000,NA,"Plate14"
1,11,0,5,277.930999615,0.245100505803,450,154.440303778,0.810177027844,0.629445874871,9223.00130911,155.59032828,0.00684967662188,0.0111111111111,605,0.44227087034,0.662781467137,2.89285503322,0.940142520001,0.839684252665,5,0,"Stain4",NA,"OV-3133(2)",20000,NA,"Plate14"
1,12,0,21,287.984632172,0.222612018204,439,157.507356509,0.786930659074,0.602965246956,8811.3627695,162.63901268,0.0149749796859,0.0478359908884,572,0.443851155222,0.660457059906,2.89448512058,0.942976878684,0.842515932519,5,0,"Stain4",NA,"OV-3133(2)",20000,NA,"Plate14"
2,10,0,0,NA,NA,152,312.236149075,0.8057149952,0.574181954456,6373.69289616,151.329205205,0.00925935824225,0,203,0.383486841458,0.634993088344,2.83450317881,0.926214752421,0.805436952012,5,0,"Stain4",NA,"OV-866(2)",3000,NA,"Plate14"
2,11,0,0,NA,NA,70,246.796581448,0.806968874967,0.552127644736,7495.07952084,152.611663036,0.0129506948672,0,78,0.357398890685,0.611294146549,2.81277690204,0.920172250468,0.793156394353,5,0,"Stain4",NA,"OV-866(2)",3000,NA,"Plate14"
2,12,0,0,NA,NA,88,332.260805796,0.831628277795,0.571958492372,7275.77347277,151.676331549,0.0108365298138,0,112,0.398925913032,0.640394013719,2.87003700326,0.934449861461,0.818694405209,5,0,"Stain4",NA,"OV-866(2)",3000,NA,"Plate14"
3,10,0,16,907.871699338,0.343953926464,375,153.455566836,0.88232836215,0.658468655474,10986.513095,187.63334835,0.0138538012934,0.0426666666667,572,0.401197424808,0.674044747591,2.78099055607,0.935235639972,0.79627311675,5,0,"Stain4",NA,"OV-90(MesMasson)",5000,NA,"Plate14"
3,11,0,8,516.436101131,0.383966279454,272,136.468489701,0.841291061532,0.63314746899,9590.77403054,166.588557616,0.0184384039597,0.0294117647059,393,0.426174116813,0.681636575043,2.83745490397,0.942083773487,0.817810945006,5,0,"Stain4",NA,"OV-90(MesMasson)",5000,NA,"Plate14"
3,12,0,1,224.272102748,0.217779553447,92,153.763751306,0.863748644293,0.615394250071,11427.6906256,154.851125488,0.015203166664,0.0108695652174,166,0.423995021857,0.687180231738,2.81426801269,0.941348707637,0.807590565091,5,0,"Stain4",NA,"OV-90(MesMasson)",5000,NA,"Plate14"
4,10,0,23,376.010043813,0.312081686162,301,193.350172109,0.907382056923,0.667266102512,11042.3917149,175.490358021,0.0401062614619,0.0764119601329,436,0.401600824707,0.658984757109,2.86593580496,0.941027443804,0.825941147448,5,0,"Stain4",NA,"TOV-1369M",10000,NA,"Plate14"
4,11,0,14,231.386351381,0.206345884389,287,201.122447456,0.905032431402,0.664960059793,10043.1995042,162.701136227,0.0376710899598,0.0487804878049,440,0.388065230867,0.655408889132,2.86120780616,0.935543691786,0.82017713639,5,0,"Stain4",NA,"TOV-1369M",10000,NA,"Plate14"
4,12,0,20,312.555202228,0.220474776211,353,182.809398822,0.908231477328,0.673486976465,11896.0438418,168.789497465,0.0385642158223,0.056657223796,515,0.41960182667,0.671114133037,2.90086324355,0.940563414117,0.835379653885,5,0,"Stain4",NA,"TOV-1369M",10000,NA,"Plate14"
5,10,0,10,378.493928029,0.380362584477,517,136.457829056,0.846471163902,0.637263631538,9584.6168645,157.961921852,0.0111207902048,0.0193423597679,774,0.417324439093,0.662720371542,2.89220332578,0.942062163823,0.835491501572,5,0,"Stain4",NA,"OV-4485",20000,NA,"Plate14"
5,11,0,15,573.193213695,0.420609011921,600,141.644319085,0.841694250257,0.644015477855,8811.65044469,163.377503653,0.0132899363668,0.025,781,0.40940801517,0.655609032511,2.85726271548,0.937973980568,0.823059821147,5,0,"Stain4",NA,"OV-4485",20000,NA,"Plate14"
5,12,0,14,359.758771661,0.271743190757,546,147.759477407,0.851608001875,0.63856737823,9002.25366755,158.92066904,0.0137839374299,0.025641025641,798,0.411413417778,0.656036498432,2.86285702012,0.938841889175,0.825909162984,5,0,"Stain4",NA,"OV-4485",20000,NA,"Plate14"
6,10,0,0,NA,NA,117,237.281599244,0.815037748129,0.606288400494,13287.6670612,153.679377565,0.00727194802599,0,154,0.397937640434,0.663468337921,2.93145425882,0.945251875578,0.838052224789,5,0,"Stain4",NA,"PEA2",5000,NA,"Plate15"
6,11,0,0,NA,NA,318,203.708613313,0.8072498128,0.612284429874,13110.5753555,154.085626,0.00992333739568,0,342,0.397275063232,0.645083479739,2.91099884481,0.947127015742,0.841978983311,5,0,"Stain4",NA,"PEA2",5000,NA,"Plate15"
6,12,0,3,210.548090178,0.174282574915,169,251.707411995,0.799871412299,0.613655038261,12704.8360032,155.751558084,0.0157780227873,0.0177514792899,174,0.39214066398,0.644118830198,2.90160494756,0.944568037315,0.833623999394,5,0,"Stain4",NA,"PEA2",5000,NA,"Plate15"
7,10,0,9,302.685442637,0.288261980913,340,180.017223009,0.880588025699,0.673180894648,9138.95197382,159.870070779,0.0156151167581,0.0264705882353,389,0.353439901026,0.607220341503,2.75691760134,0.918264477236,0.777757592996,5,0,"Stain4",NA,"PEO23",15000,NA,"Plate15"
7,11,0,11,481.869770657,0.281729146437,398,174.49158234,0.924432123919,0.700483932008,8764.7420523,164.361996374,0.0143885178537,0.0276381909548,469,0.356750076066,0.601258100822,2.80341362772,0.92507647107,0.79912468324,5,0,"Stain4",NA,"PEO23",15000,NA,"Plate15"
7,12,0,13,377.793489169,0.29423662229,352,181.274031008,0.882727518688,0.667981071939,9757.40189274,164.123991468,0.0183806552525,0.0369318181818,419,0.365474183563,0.611672914631,2.78934842799,0.926285274553,0.789363840878,5,0,"Stain4",NA,"PEO23",15000,NA,"Plate15"
1,10,0,4,307.55871825,0.26920243733,617,150.954205159,0.909470934633,0.638001821199,8063.7248501,153.274581172,0.00850320959281,0.0064829821718,767,0.463683882544,0.676515328692,2.97106973026,0.950091207506,0.871193171397,5,0,"Stain4",NA,"FT194",5000,NA,"Plate16"
1,11,0,6,633.225623332,0.348278107148,615,159.099306536,0.90730363099,0.623749982256,7532.63346616,156.509669606,0.00791392676256,0.00975609756098,728,0.454823271795,0.665271967444,2.97874531156,0.94873693989,0.870006980921,5,0,"Stain4",NA,"FT194",5000,NA,"Plate16"
1,12,0,8,665.09954304,0.454046522721,537,159.545592945,0.899034534923,0.618531558177,7518.52120368,159.60133194,0.0130137165647,0.0148975791434,710,0.456075249448,0.671793223085,2.96783485313,0.946502336776,0.866076614473,5,0,"Stain4",NA,"FT194",5000,NA,"Plate16"
2,10,0,5,473.866886842,0.380998356492,185,221.320464961,0.900914698697,0.620956881394,8549.04902408,165.492410486,0.0307943323666,0.027027027027,261,0.413790907438,0.641433609252,2.81080769894,0.929192889812,0.805112156915,5,0,"Stain4",NA,"FT246",5000,NA,"Plate16"
2,11,0,3,344.492995787,0.29625753473,156,212.360502173,0.909258266993,0.612939400501,9444.40494487,160.16290647,0.0253319457613,0.0192307692308,199,0.432552658334,0.653618488651,2.8639014717,0.93798650145,0.83230153369,5,0,"Stain4",NA,"FT246",5000,NA,"Plate16"
2,12,0,5,655.57129417,0.415532774905,139,218.957824063,0.893816564768,0.611435334134,9283.51327582,173.290164218,0.024518573554,0.0359712230216,195,0.418179934361,0.646714096473,2.8552565892,0.929257521574,0.814937534786,5,0,"Stain4",NA,"FT246",5000,NA,"Plate16"
3,10,0,6,305.571169363,0.239170162192,141,153.94734447,0.828406545802,0.521894487473,8825.47027425,158.129200742,0.00472804616337,0.0425531914894,178,0.480671508444,0.690310077519,2.93263450733,0.942633203126,0.858270966273,5,0,"Stain4",NA,"IOSE4",20000,NA,"Plate16"
3,11,0,13,411.895504355,0.300168200309,140,118.949220306,0.772692509938,0.51171408517,8395.2748461,180.001648472,0.0213891221568,0.0928571428571,167,0.492338778019,0.687430526924,2.9800085409,0.952799396879,0.879690390362,5,0,"Stain4",NA,"IOSE4",20000,NA,"Plate16"
3,12,0,8,458.839857284,0.418122784461,198,165.605976692,0.822470009736,0.526707093902,8891.7669832,163.809107603,0.0160341355152,0.040404040404,281,0.459995620957,0.676799858251,2.8915087613,0.935831516808,0.833461809448,5,0,"Stain4",NA,"IOSE4",20000,NA,"Plate16"
1,10,0,5,348.129701498,0.25145966539,137,118.636771221,0.866412007219,0.642086195719,13710.8968099,162.798793264,0.0199799052111,0.036496350365,182,0.418245328559,0.647898924751,2.89975102516,0.948891878571,0.840820391735,5,0,"Stain4",NA,"OV-1946",5000,NA,"Plate17"
1,11,0,8,469.630548991,0.392563023174,176,121.512528335,0.806199243521,0.595479074004,15145.7925415,170.892591704,0.025814824725,0.0454545454545,220,0.425844099033,0.648842872001,2.94549480187,0.947604940214,0.857360635283,5,0,"Stain4",NA,"OV-1946",5000,NA,"Plate17"
1,12,0,3,726.264085358,0.365947463264,115,115.996081135,0.870253089326,0.650925645925,15606.7272063,169.846674592,0.016305788354,0.0260869565217,126,0.42561025129,0.64987184174,2.89051916812,0.951067860325,0.84789092134,5,0,"Stain4",NA,"OV-1946",5000,NA,"Plate17"
2,10,0,95,242.583181437,0.191615296953,621,97.2724877443,0.82713190962,0.664866641199,12299.8950982,173.323023085,0.0490314940782,0.152979066023,810,0.402321188208,0.646452128137,2.7788264124,0.933724519882,0.799163377083,5,0,"Stain4",NA,"ES-2",4000,NA,"Plate18"
2,11,0,120,280.816804032,0.214212712223,661,93.6728843634,0.823487918218,0.675616148754,12794.5040866,182.072157526,0.0568675541523,0.18154311649,787,0.403050125988,0.647364631595,2.7971379136,0.934113881819,0.803797492,5,0,"Stain4",NA,"ES-2",4000,NA,"Plate18"
2,12,0,115,252.024941301,0.209992352489,955,92.7284506111,0.817297496044,0.670924964628,13388.205966,170.810430712,0.0441402117178,0.120418848168,1178,0.399767274367,0.637362678271,2.7799620426,0.932283771524,0.795956119866,5,0,"Stain4",NA,"ES-2",4000,NA,"Plate18"
3,10,0,71,301.989989998,0.266441151415,91,178.359736925,0.842814752223,0.628467698206,14298.8577662,272.980981807,0.218048913025,0.78021978022,80,0.361077651917,0.59007128075,2.76141603738,0.92618581081,0.783535695496,5,0,"Stain4",NA,"OV56N",10000,NA,"Plate18"
3,11,0,53,321.187902285,0.269424544766,66,187.225088057,0.803267511782,0.574184625136,14618.5809544,293.272674312,0.223819774664,0.80303030303,110,0.336994112966,0.577734332277,2.63321236684,0.916247155195,0.749756805015,5,0,"Stain4",NA,"OV56N",10000,NA,"Plate18"
3,12,0,40,357.283473272,0.318430139167,60,144.401414231,0.771842612848,0.500825886409,13750.4553879,296.0261334,0.225422690912,0.666666666667,81,0.344591406403,0.58643283558,2.72537996401,0.912736731377,0.764121473708,5,0,"Stain4",NA,"OV56N",10000,NA,"Plate18"
1,10,0,21,293.08753074,0.218053218547,554,118.447395821,0.817437393717,0.595346219306,11569.379683,161.69403471,0.0186530641399,0.0379061371841,575,0.463714053636,0.662327781226,2.96858032684,0.952196396011,0.877578692639,5,0,"Stain4",NA,"TOV-1946",15000,NA,"Plate19"
1,11,0,63,370.183496125,0.244584206161,664,122.525239404,0.813572205967,0.600105999043,11258.509973,177.221912274,0.0259353938209,0.0948795180723,679,0.454046502271,0.655010456353,2.95283570413,0.948567870661,0.866101155204,5,0,"Stain4",NA,"TOV-1946",15000,NA,"Plate19"
1,12,0,48,467.691101202,0.282327781196,576,135.23595577,0.847119479051,0.612452953294,10727.9879037,183.230072398,0.0259296931836,0.0833333333333,569,0.455982711769,0.660073470515,2.95025579598,0.948742857274,0.866362308388,5,0,"Stain4",NA,"TOV-1946",15000,NA,"Plate19"
3,10,0,1,201.945290859,0.150717337948,217,193.59739483,0.893437224297,0.651466822534,11158.5233247,153.076479176,0.00643475977748,0.00460829493088,269,0.383960109724,0.647284970065,2.82628153026,0.933986809308,0.807816763766,5,0,"Stain4",NA,"TOV-2835EP",15000,NA,"Plate19"
3,11,0,4,233.967646116,0.189359749504,349,195.531172434,0.891222599828,0.630542455886,10938.4583687,153.90293967,0.00820222818848,0.0114613180516,385,0.384282717893,0.638890580676,2.85516860897,0.934870257267,0.818110076303,5,0,"Stain4",NA,"TOV-2835EP",15000,NA,"Plate19"
3,12,0,6,391.123080484,0.24237643634,152,199.057422854,0.880426875384,0.6308925377,11020.7565425,165.384716433,0.00702078679499,0.0394736842105,235,0.414530189964,0.670338966842,2.88121423937,0.940722960593,0.830001249562,5,0,"Stain4",NA,"TOV-2835EP",15000,NA,"Plate19"
4,10,0,11,308.392819742,0.225859958817,450,202.505389818,0.925100810446,0.676062957965,11398.9230674,155.931337456,0.00455551377164,0.0244444444444,451,0.332315755332,0.52461479457,2.83795789263,0.933067733334,0.814106213672,5,0,"Stain4",NA,"TOV-3041G",15000,NA,"Plate19"
4,11,0,6,415.52386424,0.312614269355,296,203.879629412,0.935603264613,0.699297827728,11723.0739065,156.959869532,0.00362221055963,0.0202702702703,295,0.336982441958,0.530166494758,2.85710712969,0.933465535369,0.819515165507,5,0,"Stain4",NA,"TOV-3041G",15000,NA,"Plate19"
4,12,0,5,216.738171428,0.159731449101,367,196.337304241,0.927026441791,0.689350312672,10618.7487585,152.888763919,0.00445019910067,0.0136239782016,382,0.351757126461,0.541472611007,2.8573880616,0.939033676145,0.827378206069,5,0,"Stain4",NA,"TOV-3041G",15000,NA,"Plate19"
5,10,0,6,362.994485926,0.295252784942,318,126.126679437,0.758858913363,0.562191530353,13160.1445469,159.002882868,0.0116511209436,0.0188679245283,509,0.452598214542,0.674298300681,2.90428979478,0.946793979255,0.850127641588,5,0,"Stain4",NA,"TOV-3133G",15000,NA,"Plate19"
5,11,0,2,222.88243567,0.188968404536,344,147.907102339,0.771808385134,0.567384657487,12972.3942607,155.50575787,0.00420916260667,0.00581395348837,650,0.450853294805,0.666190487912,2.90768898018,0.94536639088,0.850832846724,5,0,"Stain4",NA,"TOV-3133G",15000,NA,"Plate19"
5,12,0,3,237.959282886,0.166577215642,318,145.829201469,0.733100028903,0.542002493936,10153.0570146,156.282979939,0.00877737576595,0.00943396226415,529,0.469296100232,0.678714790639,2.95118220094,0.951840676125,0.870471628931,5,0,"Stain4",NA,"TOV-3133G",15000,NA,"Plate19"
1,10,0,24,339.98081872,0.267817107344,473,168.21889118,0.876334149808,0.686003766893,11184.4836302,166.830737957,0.0212619312436,0.0507399577167,576,0.417340365898,0.671762024269,2.88805280849,0.942259576257,0.830519702855,5,0,"Stain4",NA,"SNU-119",15000,NA,"Plate21"
1,11,0,22,371.07158997,0.270207165267,370,161.271085625,0.83318388491,0.662252431156,12226.0526156,169.214590352,0.0196838559857,0.0594594594595,481,0.426830676987,0.681595198099,2.91184912377,0.945731302491,0.840774289021,5,0,"Stain4",NA,"SNU-119",15000,NA,"Plate21"
1,12,0,4,308.187105177,0.29291442515,122,125.040569621,0.746734087182,0.583756790397,12796.1265215,162.629950214,0.0159894979413,0.0327868852459,155,0.430693399932,0.679309607751,2.91283729523,0.940982955312,0.840905872763,5,0,"Stain4",NA,"SNU-119",15000,NA,"Plate21"
2,10,0,31,332.817281549,0.281274029376,299,184.580401797,0.899856758189,0.69192773596,11791.0440209,174.217411518,0.0396211576745,0.103678929766,283,0.466568498968,0.697780794144,2.97525737719,0.948006402061,0.875141895883,5,0,"Stain4",NA,"JHOS-2",15000,NA,"Plate21"
2,11,0,28,293.656746259,0.229614719176,264,201.193660662,0.903705313951,0.69569992178,12247.8626489,169.9719656,0.0344887491635,0.106060606061,259,0.45350259139,0.684523359642,2.97554043499,0.941759826691,0.864976750564,5,0,"Stain4",NA,"JHOS-2",15000,NA,"Plate21"
2,12,0,29,352.544404245,0.269167664026,242,196.688329198,0.932542842637,0.719749129297,12497.6466094,178.111555783,0.037934385534,0.119834710744,245,0.460103089303,0.694849797215,2.96940903639,0.939699757156,0.859400251337,5,0,"Stain4",NA,"JHOS-2",15000,NA,"Plate21"
3,10,0,15,317.44957927,0.302693915692,817,139.318534301,0.888659609078,0.650061579145,9889.09163749,156.705324056,0.0138964996836,0.0183598531212,1031,0.456608454801,0.66769842984,2.91787991812,0.946920447126,0.851707413181,5,0,"Stain4",NA,"Kuramochi",15000,NA,"Plate21"
3,11,0,7,237.481618523,0.226330410773,713,144.691963393,0.885757199829,0.651088350333,10060.6178753,154.147820682,0.0113665970183,0.00981767180926,959,0.451187009751,0.666836401215,2.901318332,0.946150752688,0.8489971768,5,0,"Stain4",NA,"Kuramochi",15000,NA,"Plate21"
3,12,0,7,274.027319185,0.283134675086,681,149.744990892,0.864586823749,0.639217315991,10007.4241681,153.935530679,0.0111508754946,0.0102790014684,901,0.459168781404,0.678282375674,2.91390896472,0.947130173103,0.84992298742,5,0,"Stain4",NA,"Kuramochi",15000,NA,"Plate21"
1,10,0,28,274.192320767,0.232382805744,557,105.061463199,0.740112460563,0.58116823701,10990.8894025,163.818936767,0.0264781437899,0.0502692998205,720,0.523574765768,0.723929109553,3.01526404364,0.960864315833,0.900194739968,5,0,"Stain4",NA,"TYK-nu",20000,NA,"Plate22"
1,11,0,28,270.965597933,0.23186707365,721,111.389654359,0.742229174177,0.591152319025,10032.5052327,161.034110123,0.0181651150314,0.0388349514563,890,0.529231441249,0.728736071062,3.02085881187,0.959615906241,0.898062257515,5,0,"Stain4",NA,"TYK-nu",20000,NA,"Plate22"
1,12,0,14,289.577084757,0.256414932395,276,112.019397193,0.772163019918,0.59706866272,11954.7427381,163.037561767,0.0223924122288,0.0507246376812,380,0.515849007322,0.716575791724,2.96750312256,0.955248169581,0.878188936996,5,0,"Stain4",NA,"TYK-nu",20000,NA,"Plate22"
2,10,0,6,252.698534887,0.251867442198,899,141.621747008,0.92094876367,0.717744452257,8059.36165601,153.629171856,0.0104117795235,0.00667408231368,909,0.506170770299,0.721168594042,3.02096269469,0.958384981531,0.896285306491,5,0,"Stain4",NA,"TYK-nu.CP-r",15000,NA,"Plate22"
2,11,0,7,267.958465984,0.270160302349,780,136.146968044,0.890959526741,0.690565772244,7404.61561499,153.056113113,0.00910981598554,0.00897435897436,772,0.523224732984,0.729043910297,3.03434883264,0.960424073326,0.903431382819,5,0,"Stain4",NA,"TYK-nu.CP-r",15000,NA,"Plate22"
2,12,0,10,313.749885928,0.215964837031,918,136.749831089,0.918427427126,0.728581756361,8352.3304931,152.876239452,0.0078158386896,0.0108932461874,946,0.518425679825,0.722181035968,3.01826242916,0.958688066105,0.897950120259,5,0,"Stain4",NA,"TYK-nu.CP-r",15000,NA,"Plate22"
